method,image_id,dice,iou,sensitivity,specificity,area,perimeter,circularity
Otsu Threshold,ISIC_0000000,0.9461,0.8977,0.8977,1.0,327649.0,2824.58,0.5161
Otsu Threshold,ISIC_0000001,0.9499,0.9045,0.9299,0.9979,51183.0,1256.98,0.7271
Otsu Threshold,ISIC_0000002,0.7408,0.5883,0.763,0.8711,251592.0,8730.48,0.7008
Otsu Threshold,ISIC_0000004,0.854,0.7452,0.9728,0.84,344480.0,2329.7,0.7976
Otsu Threshold,ISIC_0000006,0.5019,0.3351,0.6306,0.9142,105069.0,4359.99,0.3994
Otsu Threshold,ISIC_0000007,0.5893,0.4177,0.8088,0.9117,117884.0,4578.21,0.2888
Otsu Threshold,ISIC_0000008,0.9102,0.8352,0.8445,0.9944,223761.0,4182.98,0.8214
Otsu Threshold,ISIC_0000009,0.8179,0.6919,0.8232,0.9441,180577.0,6027.19,0.5955
Otsu Threshold,ISIC_0000010,0.6086,0.4374,0.6182,0.9644,64060.0,6118.9,0.5907
Otsu Threshold,ISIC_0000011,0.4938,0.3279,0.5969,0.823,197127.0,7186.41,0.3588
Otsu Threshold,ISIC_0000016,0.9456,0.8969,0.8969,1.0,144616.0,1774.07,0.5774
Otsu Threshold,ISIC_0000017,0.8213,0.6968,0.6968,1.0,179319.0,4475.92,0.7603
Otsu Threshold,ISIC_0000018,0.7954,0.6603,0.6714,0.9949,271264.0,7569.59,0.608
Otsu Threshold,ISIC_0000019,0.8448,0.7313,0.7628,0.9797,438747.0,15793.26,0.4656
Otsu Threshold,ISIC_0000021,0.7756,0.6335,0.7621,0.9325,408899.0,24346.07,0.5769
K-Means Clustering,ISIC_0000000,0.9461,0.8977,0.8977,1.0,327649.0,2824.58,0.5161
K-Means Clustering,ISIC_0000001,0.9499,0.9045,0.9299,0.9979,51183.0,1256.98,0.7271
K-Means Clustering,ISIC_0000002,0.7408,0.5883,0.763,0.8711,251592.0,8730.48,0.7008
K-Means Clustering,ISIC_0000004,0.854,0.7452,0.9728,0.84,344480.0,2329.7,0.7976
K-Means Clustering,ISIC_0000006,0.5019,0.3351,0.6306,0.9142,105069.0,4359.99,0.3994
K-Means Clustering,ISIC_0000007,0.5893,0.4177,0.8088,0.9117,117884.0,4578.21,0.2888
K-Means Clustering,ISIC_0000008,0.9102,0.8352,0.8445,0.9944,223761.0,4182.98,0.8214
K-Means Clustering,ISIC_0000009,0.8179,0.6919,0.8232,0.9441,180577.0,6027.19,0.5955
K-Means Clustering,ISIC_0000010,0.6086,0.4374,0.6182,0.9644,64060.0,6118.9,0.5907
K-Means Clustering,ISIC_0000011,0.4938,0.3279,0.5969,0.823,197127.0,7186.41,0.3588
K-Means Clustering,ISIC_0000016,0.9456,0.8969,0.8969,1.0,144616.0,1774.07,0.5774
K-Means Clustering,ISIC_0000017,0.8213,0.6968,0.6968,1.0,179319.0,4475.92,0.7603
K-Means Clustering,ISIC_0000018,0.7954,0.6603,0.6714,0.9949,271264.0,7569.59,0.608
K-Means Clustering,ISIC_0000019,0.8448,0.7313,0.7628,0.9797,438747.0,15793.26,0.4656
K-Means Clustering,ISIC_0000021,0.7756,0.6335,0.7621,0.9325,408899.0,24346.07,0.5769
Region Growing,ISIC_0000000,0.8406,0.725,0.725,1.0,264597.0,4207.64,0.6271
Region Growing,ISIC_0000001,0.8974,0.814,0.9997,0.9833,65610.0,1992.77,2.5168
Region Growing,ISIC_0000002,0.6694,0.5031,0.641,0.8809,217265.0,9230.6,0.6943
Region Growing,ISIC_0000004,0.8542,0.7455,0.9739,0.8395,345001.0,2328.28,0.7998
Region Growing,ISIC_0000006,0.5083,0.3408,0.7344,0.8877,131240.0,5557.91,0.676
Region Growing,ISIC_0000007,0.6115,0.4404,0.9125,0.8989,134056.0,4848.81,0.2931
Region Growing,ISIC_0000008,0.8326,0.7133,0.7146,0.9991,187377.0,3765.6,0.8622
Region Growing,ISIC_0000009,0.8211,0.6966,0.8359,0.9411,184639.0,6133.4,0.6101
Region Growing,ISIC_0000010,0.5587,0.3876,0.8816,0.8904,133850.0,8178.25,0.6554
Region Growing,ISIC_0000011,0.4602,0.2989,0.5346,0.8299,184036.0,7051.52,0.3911
Region Growing,ISIC_0000016,0.8966,0.8126,0.8126,1.0,131014.0,1781.48,0.5188
Region Growing,ISIC_0000017,0.8741,0.7763,0.7967,0.9953,211780.0,6064.93,0.6419
Region Growing,ISIC_0000018,0.8262,0.7039,0.7236,0.9915,296217.0,8303.06,0.5333
Region Growing,ISIC_0000019,0.8195,0.6942,0.6996,0.9963,385259.0,7958.42,0.5181
Region Growing,ISIC_0000021,0.7715,0.628,0.8134,0.9019,469642.0,28546.15,0.5795
Marker Watershed,ISIC_0000000,0.9702,0.9421,0.9481,0.9944,348342.0,3211.07,0.4245
Marker Watershed,ISIC_0000001,0.9079,0.8313,0.9676,0.988,60465.0,1864.65,0.4616
Marker Watershed,ISIC_0000002,0.7548,0.6062,0.8438,0.8297,293365.0,8911.58,0.5353
Marker Watershed,ISIC_0000004,0.8399,0.724,0.9383,0.8449,332638.0,3031.27,0.4549
Marker Watershed,ISIC_0000006,0.498,0.3316,0.6923,0.8942,123659.0,4764.17,0.2838
Marker Watershed,ISIC_0000007,0.5837,0.4122,0.907,0.8868,142389.0,5192.0,0.3025
Marker Watershed,ISIC_0000008,0.9439,0.8938,0.9261,0.9819,251645.0,3848.54,0.6603
Marker Watershed,ISIC_0000009,0.8265,0.7044,0.909,0.9145,213804.0,6658.73,0.2597
Marker Watershed,ISIC_0000010,0.4955,0.3293,0.7013,0.9028,113670.0,4345.58,0.4162
Marker Watershed,ISIC_0000011,0.5821,0.4105,0.792,0.7996,239317.0,7025.9,0.3581
Marker Watershed,ISIC_0000016,0.9637,0.93,0.9497,0.9945,156527.0,1890.57,0.5503
Marker Watershed,ISIC_0000017,0.8881,0.7987,0.8012,0.9994,206982.0,3856.33,0.6374
Marker Watershed,ISIC_0000018,0.3768,0.2321,1.0,0.0,1698016.0,5262.0,0.7706
Marker Watershed,ISIC_0000019,0.8235,0.7,0.8343,0.9094,558881.0,12221.76,0.3664
Marker Watershed,ISIC_0000021,0.3994,0.2495,1.0,0.0,1698016.0,5262.0,0.7706
